itemName,image,price,eventName
동원)양반호박죽,https://tqklhszfkvzk6518638.cdn.ntruss.com/product/8801047161592.jpg,"4,500
원",1+1
광동)헛개파워병,https://tqklhszfkvzk6518638.cdn.ntruss.com/product/8806002010861.jpg,"5,000
원",1+1
46cm)초극세모칫솔,https://tqklhszfkvzk6518638.cdn.ntruss.com/product/8801051009033.jpg,"3,500
원",1+1
메디안)치석케어치약,https://tqklhszfkvzk6518638.cdn.ntruss.com/product/8806403146473.jpg,"4,500
원",1+1
메디안)센서티브칫솔,https://tqklhszfkvzk6518638.cdn.ntruss.com/product/8801042443631.jpg,"3,000
원",1+1
2080)칫솔,https://tqklhszfkvzk6518638.cdn.ntruss.com/product/8801046057216.jpg,"2,800
원",1+1
2080)치약,https://tqklhszfkvzk6518638.cdn.ntruss.com/product/8801046846087.jpg,"4,000
원",1+1
2080)센서티브미세모,https://tqklhszfkvzk6518638.cdn.ntruss.com/product/8801046860458.jpg,"3,200
원",1+1
페리오)토탈7치약,https://tqklhszfkvzk6518638.cdn.ntruss.com/product/8801051064223.jpg,"4,300
원",1+1
페리오)이지클리닉칫솔,https://tqklhszfkvzk6518638.cdn.ntruss.com/product/8801051010367.jpg,"2,200
원",1+1
미쟝센)데미지샴푸,https://tqklhszfkvzk6518638.cdn.ntruss.com/product/8806403068379.jpg,"15,000
원",1+1
미쟝센)데미지린스,https://tqklhszfkvzk6518638.cdn.ntruss.com/product/8806403068409.jpg,"15,000
원",1+1
오가니스트)샴푸200ml,https://tqklhszfkvzk6518638.cdn.ntruss.com/product/8801051154139.jpg,"7,000
원",1+1
오가니스트)린스200ml,https://tqklhszfkvzk6518638.cdn.ntruss.com/product/8801051158496.jpg,"7,000
원",1+1
46cm)쿨민트치약,https://tqklhszfkvzk6518638.cdn.ntruss.com/product/8801051057577.jpg,"3,900
원",1+1
크리오)뉴미세모칫솔,https://tqklhszfkvzk6518638.cdn.ntruss.com/product/8801441013879.jpg,"2,000
원",1+1
크리오)뉴일반모칫솔,https://tqklhszfkvzk6518638.cdn.ntruss.com/product/8801441013862.jpg,"1,800
원",1+1
오랄비)초미세모칫솔,http://cdn2.bgfretail.com/bgfbrand/files/product/D3BFF641B34E40BB92FBC7612F4C8D7B.jpg,"2,900
원",1+1
농심)츄파춥스게코젤리,https://tqklhszfkvzk6518638.cdn.ntruss.com/product/6925425474653.jpg,"1,800
원",1+1
삼양)치즈불닭볶음면컵,https://tqklhszfkvzk6518638.cdn.ntruss.com/product/8801073210967.jpg,"1,800
원",1+1
엘라)스프레이200ml,https://tqklhszfkvzk6518638.cdn.ntruss.com/product/8801051199970.jpg,"8,900
원",1+1
엘라)하드왁스80g,https://tqklhszfkvzk6518638.cdn.ntruss.com/product/8801051199987.jpg,"10,700
원",1+1
좋은)울날중18P,https://tqklhszfkvzk6518638.cdn.ntruss.com/product/8801166234023.jpg,"9,100
원",1+1
좋은)울날대16P,https://tqklhszfkvzk6518638.cdn.ntruss.com/product/8801166234214.jpg,"9,100
원",1+1
동원)양반쇠고기죽,https://tqklhszfkvzk6518638.cdn.ntruss.com/product/8801047161608.jpg,"4,500
원",1+1
오가니스트)넛츠바디워시,https://tqklhszfkvzk6518638.cdn.ntruss.com/product/8801051258844.jpg,"4,900
원",1+1
오뚜기)영양닭죽285g,https://tqklhszfkvzk6518638.cdn.ntruss.com/product/8801045303062.jpg,"4,500
원",1+1
오뚜기)새송이쇠고기죽,https://tqklhszfkvzk6518638.cdn.ntruss.com/product/8801045303017.jpg,"4,500
원",1+1
비트)액체겸용세제1.45L,http://cdn2.bgfretail.com/bgfbrand/files/product/C840E82CB3A241F3A2978FEE352B7868.jpg,"10,900
원",1+1
빙그레)요플레토핑초코,https://tqklhszfkvzk6518638.cdn.ntruss.com/product/8801104308281.jpg,"2,000
원",1+1
온더바디)레몬클렌징폼,https://tqklhszfkvzk6518638.cdn.ntruss.com/product/8801051121599.jpg,"4,900
원",1+1
진주햄)콘앤스윗치즈45g,https://tqklhszfkvzk6518638.cdn.ntruss.com/product/8801077327203.jpg,"1,800
원",1+1
샤프란)스타일러탈취제,https://tqklhszfkvzk6518638.cdn.ntruss.com/product/8801051262995.jpg,"4,200
원",1+1
리엔)크림염색제흑갈색,https://tqklhszfkvzk6518638.cdn.ntruss.com/product/8801051385410.jpg,"12,900
원",1+1
오뚜기)단호박죽285g,https://tqklhszfkvzk6518638.cdn.ntruss.com/product/8801045303048.jpg,"4,500
원",1+1
동원)친친오리지널봉70g,https://tqklhszfkvzk6518638.cdn.ntruss.com/product/8801047578857.jpg,"1,900
원",1+1
HK)컨디션환3g,https://tqklhszfkvzk6518638.cdn.ntruss.com/product/8809422041217.jpg,"2,900
원",1+1
HK)컨디션환3g3입,https://tqklhszfkvzk6518638.cdn.ntruss.com/product/8809422041293.jpg,"8,500
원",1+1
삼립)청양닭가슴핫바70g,https://tqklhszfkvzk6518638.cdn.ntruss.com/product/8801068108576.jpg,"2,500
원",1+1
빙그레)닥터캡슐플레인,https://tqklhszfkvzk6518638.cdn.ntruss.com/product/8801104302739.jpg,"2,100
원",1+1
빙그레)닥터캡슐사과,https://tqklhszfkvzk6518638.cdn.ntruss.com/product/8801104665421.jpg,"2,100
원",1+1
카카오)헤어타이N,https://tqklhszfkvzk6518638.cdn.ntruss.com/product/8801489702155.jpg,"5,000
원",1+1
순수한면)유기농순면중16P,https://tqklhszfkvzk6518638.cdn.ntruss.com/product/8801260418596.jpg,"8,900
원",1+1
순수한면)유기농순면대14P,https://tqklhszfkvzk6518638.cdn.ntruss.com/product/8801260418602.jpg,"8,900
원",1+1
죽염)잇몸전문칫솔,https://tqklhszfkvzk6518638.cdn.ntruss.com/product/8801051009910.jpg,"4,500
원",1+1
태웅)하루홍삼스틱,https://tqklhszfkvzk6518638.cdn.ntruss.com/product/8802774013598.jpg,"1,800
원",1+1
CJ)맥스봉오리지널50g,https://tqklhszfkvzk6518638.cdn.ntruss.com/product/8801007849126.jpg,"2,000
원",1+1
빙그레)스페셜티예가체프,https://tqklhszfkvzk6518638.cdn.ntruss.com/product/8801104667043.jpg,"2,700
원",1+1
빙그레)프로틴딸기바나나,https://tqklhszfkvzk6518638.cdn.ntruss.com/product/8801104666640.jpg,"3,200
원",1+1
다우니)실내건조세제1L,https://tqklhszfkvzk6518638.cdn.ntruss.com/product/4902430341158.jpg,"17,900
원",1+1
오뚜기)리얼바삭빅핫도그,https://tqklhszfkvzk6518638.cdn.ntruss.com/product/8801045750743.jpg,"2,800
원",1+1
오뚜기)모짜소떡핫도그,https://tqklhszfkvzk6518638.cdn.ntruss.com/product/8801045750750.jpg,"2,800
원",1+1
오뚜기)쇠고기국밥500g,https://tqklhszfkvzk6518638.cdn.ntruss.com/product/8801045290805.jpg,"7,800
원",1+1
오뚜기)한우미역국500g,https://tqklhszfkvzk6518638.cdn.ntruss.com/product/8801045290843.jpg,"7,800
원",1+1
한독)레디큐프로캔,https://tqklhszfkvzk6518638.cdn.ntruss.com/product/8806107614018.jpg,"6,000
원",1+1
간만세)간만세,https://tqklhszfkvzk6518638.cdn.ntruss.com/product/8809211743636.jpg,"2,900
원",1+1
2080)더블액션초극세모,https://tqklhszfkvzk6518638.cdn.ntruss.com/product/8801046356807.jpg,"2,000
원",1+1
동화)KF94흰색대형1P,https://tqklhszfkvzk6518638.cdn.ntruss.com/product/8809447730431.jpg,"2,000
원",1+1
깨끗)KF94흰색대형3P,https://tqklhszfkvzk6518638.cdn.ntruss.com/product/8801260900121.jpg,"5,900
원",1+1
다우니)블루섬유1L,https://tqklhszfkvzk6518638.cdn.ntruss.com/product/4902430311724.jpg,"12,600
원",1+1
페리오)토탈7칫솔,https://tqklhszfkvzk6518638.cdn.ntruss.com/product/8801051097597.jpg,"3,500
원",1+1
아우라)드라이시트25매,https://tqklhszfkvzk6518638.cdn.ntruss.com/product/8801051097214.jpg,"6,900
원",1+1
오뚜기)쇠고기육개장500g,https://tqklhszfkvzk6518638.cdn.ntruss.com/product/8801045600444.jpg,"7,800
원",1+1
CJ)비비고한우사골곰탕500,https://tqklhszfkvzk6518638.cdn.ntruss.com/product/8801007849805.jpg,"3,200
원",1+1
빙그레)끌레바닐라아몬바,https://tqklhszfkvzk6518638.cdn.ntruss.com/product/8801104670296.jpg,"4,800
원",1+1
빙그레)끌레제주녹차바,https://tqklhszfkvzk6518638.cdn.ntruss.com/product/8801104670319.jpg,"4,800
원",1+1
동원)복숭아제로아이스500,https://tqklhszfkvzk6518638.cdn.ntruss.com/product/8801047284482.jpg,"2,200
원",1+1
동원)보성레몬아이스티,https://tqklhszfkvzk6518638.cdn.ntruss.com/product/8801047284499.jpg,"2,200
원",1+1
오랄비)센서티브클린칫솔,https://tqklhszfkvzk6518638.cdn.ntruss.com/product/4987176025678.jpg,"1,800
원",1+1
엘라)맨인매트컬크림150ml,https://tqklhszfkvzk6518638.cdn.ntruss.com/product/8801051115888.jpg,"12,900
원",1+1
동원)친친콘치즈봉70g,https://tqklhszfkvzk6518638.cdn.ntruss.com/product/8801047578970.jpg,"1,900
원",1+1
오뚜기)맛있는흑미밥210g,https://tqklhszfkvzk6518638.cdn.ntruss.com/product/8801045890463.jpg,"2,700
원",1+1
오뚜기)맛있는오곡밥210g,https://tqklhszfkvzk6518638.cdn.ntruss.com/product/8801045890500.jpg,"2,700
원",1+1
좋은)입는오버중형2P,https://tqklhszfkvzk6518638.cdn.ntruss.com/product/8801166234962.jpg,"4,900
원",1+1
좋은)입는오버대형2P,https://tqklhszfkvzk6518638.cdn.ntruss.com/product/8801166238441.jpg,"4,900
원",1+1
쏘피)무표백롱라이너18P,https://tqklhszfkvzk6518638.cdn.ntruss.com/product/8809709261178.jpg,"4,900
원",1+1
종근당)헛개땡큐골드병,https://tqklhszfkvzk6518638.cdn.ntruss.com/product/8809125061857.jpg,"5,000
원",1+1
빙그레)끌레클린초코파인,https://tqklhszfkvzk6518638.cdn.ntruss.com/product/8801104671613.jpg,"12,900
원",1+1
피죤)애플섬유리필형,https://tqklhszfkvzk6518638.cdn.ntruss.com/product/8801101886959.jpg,"10,900
원",1+1
암앤해머)프레쉬2단미세모,https://tqklhszfkvzk6518638.cdn.ntruss.com/product/8806006502287.jpg,"3,500
원",1+1
메디안)트리플미세모,https://tqklhszfkvzk6518638.cdn.ntruss.com/product/8809539465500.jpg,"1,900
원",1+1
담터)호두율무파인트,https://tqklhszfkvzk6518638.cdn.ntruss.com/product/8803284611199.jpg,"8,900
원",1+1
삼양사)상쾌환스틱레드,https://tqklhszfkvzk6518638.cdn.ntruss.com/product/8801013776829.jpg,"3,900
원",1+1
라네이처)울트라슬림중3P,https://tqklhszfkvzk6518638.cdn.ntruss.com/product/8801166237215.jpg,"3,000
원",1+1
삼우)우유창고파르페,https://tqklhszfkvzk6518638.cdn.ntruss.com/product/8809194495287.jpg,"3,000
원",1+1
좋은)순면수퍼롱10P,https://tqklhszfkvzk6518638.cdn.ntruss.com/product/8801166234122.jpg,"9,600
원",1+1
화이트)수퍼흡수중형18P,https://tqklhszfkvzk6518638.cdn.ntruss.com/product/8801166238762.jpg,"9,700
원",1+1
화이트)수퍼흡수대형16P,https://tqklhszfkvzk6518638.cdn.ntruss.com/product/8801166238786.jpg,"9,700
원",1+1
풀무원)액티비아스무딸기,https://tqklhszfkvzk6518638.cdn.ntruss.com/product/8809274514945.jpg,"2,000
원",1+1
풀무원)액티비아스무키위,https://tqklhszfkvzk6518638.cdn.ntruss.com/product/8809274514969.jpg,"2,000
원",1+1
아우라)딥센트스윗만다린,https://tqklhszfkvzk6518638.cdn.ntruss.com/product/8801051189308.jpg,"12,900
원",1+1
헤드앤숄더)쿨멘솔샴푸550,https://tqklhszfkvzk6518638.cdn.ntruss.com/product/4902430243070.jpg,"14,900
원",1+1
좋은)내추럴코어슬날중14P,https://tqklhszfkvzk6518638.cdn.ntruss.com/product/8801166239110.jpg,"8,900
원",1+1
좋은)내추럴코어슬날대14P,https://tqklhszfkvzk6518638.cdn.ntruss.com/product/8801166239134.jpg,"10,300
원",1+1
좋은)내추럴코어롱오버8P,https://tqklhszfkvzk6518638.cdn.ntruss.com/product/8801166239172.jpg,"9,300
원",1+1
디어스킨)입는오버중대4P,https://tqklhszfkvzk6518638.cdn.ntruss.com/product/8801260419760.jpg,"10,900
원",1+1
HK)컨디션스틱그린애플18g,https://tqklhszfkvzk6518638.cdn.ntruss.com/product/8809422043815.jpg,"2,900
원",1+1
HK)컨디션스틱18g,https://tqklhszfkvzk6518638.cdn.ntruss.com/product/8809422043884.jpg,"2,900
원",1+1
CJ)구이한판그릴스모크60g,https://tqklhszfkvzk6518638.cdn.ntruss.com/product/8801007918310.jpg,"3,300
원",1+1
농심)후르트민트피치,https://tqklhszfkvzk6518638.cdn.ntruss.com/product/8801043062756.jpg,"2,000
원",1+1
농심)후르트민트그레이프,https://tqklhszfkvzk6518638.cdn.ntruss.com/product/8801043062725.jpg,"2,000
원",1+1
광동)비타500피지라임캔,https://tqklhszfkvzk6518638.cdn.ntruss.com/product/8806002021362.jpg,"1,600
원",1+1
빙그레)따옴바납작복숭아,https://tqklhszfkvzk6518638.cdn.ntruss.com/product/8801104673440.jpg,"1,800
원",1+1
빙그레)따옴바딸기,https://tqklhszfkvzk6518638.cdn.ntruss.com/product/8801104673464.jpg,"1,800
원",1+1
슈가)친환경주방세제레몬C,https://tqklhszfkvzk6518638.cdn.ntruss.com/product/8809107601002.jpg,"5,900
원",1+1
농심)금돼지김치찌개면,https://tqklhszfkvzk6518638.cdn.ntruss.com/product/8801043064361.jpg,"4,500
원",1+1
오뚜기)참기름김치볶음밥,https://tqklhszfkvzk6518638.cdn.ntruss.com/product/8801045875538.jpg,"4,800
원",1+1
사조)꼬꼬봉50g,https://tqklhszfkvzk6518638.cdn.ntruss.com/product/8801066061095.jpg,"1,800
원",1+1
남양)로스터리드링크아메,https://tqklhszfkvzk6518638.cdn.ntruss.com/product/8801069415475.jpg,"1,200
원",1+1
남양)로스터리드링크라떼,https://tqklhszfkvzk6518638.cdn.ntruss.com/product/8801069415482.jpg,"1,200
원",1+1
쏘피)안심숙면팬티L4P,https://tqklhszfkvzk6518638.cdn.ntruss.com/product/8809709260898.jpg,"9,600
원",1+1
피죤)액츠세탁세제1L,https://tqklhszfkvzk6518638.cdn.ntruss.com/product/8801101882869.jpg,"9,900
원",1+1
동원)포킷포킷소시지70g,https://tqklhszfkvzk6518638.cdn.ntruss.com/product/8801047579229.jpg,"2,500
원",1+1
피죤)섬유탈취아이스80mL,https://tqklhszfkvzk6518638.cdn.ntruss.com/product/8801101884009.jpg,"3,900
원",1+1
풀무원)요거톡초코그래놀,https://tqklhszfkvzk6518638.cdn.ntruss.com/product/8809274513887.jpg,"2,200
원",1+1
풀무원)요거톡스타볼,https://tqklhszfkvzk6518638.cdn.ntruss.com/product/8809274513948.jpg,"2,200
원",1+1
테크)실내건조세제1.4L,https://tqklhszfkvzk6518638.cdn.ntruss.com/product/8801051219333.jpg,"12,900
원",1+1
CJ)명가재래김4g*9입,https://tqklhszfkvzk6518638.cdn.ntruss.com/product/8801007898377.jpg,"7,000
원",1+1
CJ)명가파래김4g*9입,https://tqklhszfkvzk6518638.cdn.ntruss.com/product/8801007898414.jpg,"7,000
원",1+1
빙그레)끌레끼리치즈바,https://tqklhszfkvzk6518638.cdn.ntruss.com/product/8801104674188.jpg,"4,800
원",1+1
프레시)비요뜨초코볼홈,https://tqklhszfkvzk6518638.cdn.ntruss.com/product/8801115720263.jpg,"10,800
원",1+1
프레시)비요뜨블루홈,https://tqklhszfkvzk6518638.cdn.ntruss.com/product/8801115720270.jpg,"10,800
원",1+1
프레시)비요뜨딸기홈,https://tqklhszfkvzk6518638.cdn.ntruss.com/product/8801115720287.jpg,"10,800
원",1+1
빙그레)끌레딥초코바,https://tqklhszfkvzk6518638.cdn.ntruss.com/product/8801104674201.jpg,"4,800
원",1+1
빙그레)끌레설향딸기바,https://tqklhszfkvzk6518638.cdn.ntruss.com/product/8801104674300.jpg,"4,800
원",1+1
예지)몰랑이오가닛중형3P,https://tqklhszfkvzk6518638.cdn.ntruss.com/product/8809104290759.jpg,"2,400
원",1+1
자연퐁)POP주방세제1.3L,https://tqklhszfkvzk6518638.cdn.ntruss.com/product/8801051225310.jpg,"9,900
원",1+1
빙그레)끌레클린녹차파인,https://tqklhszfkvzk6518638.cdn.ntruss.com/product/8801104674140.jpg,"12,900
원",1+1
빙그레)끌레클린딸기파인,https://tqklhszfkvzk6518638.cdn.ntruss.com/product/8801104674164.jpg,"12,900
원",1+1
웅진)만한마라우육면,https://tqklhszfkvzk6518638.cdn.ntruss.com/product/4710088412089.jpg,"4,800
원",1+1
오뚜기)컵밥짜장밥,https://tqklhszfkvzk6518638.cdn.ntruss.com/product/8801045631110.jpg,"4,800
원",1+1
오뚜기)컵밥카레밥,https://tqklhszfkvzk6518638.cdn.ntruss.com/product/8801045725529.jpg,"4,800
원",1+1
코코)물고기모양마시멜로,https://tqklhszfkvzk6518638.cdn.ntruss.com/product/6971162150794.jpg,"1,500
원",1+1
좋은)무표백유기농중형16P,https://tqklhszfkvzk6518638.cdn.ntruss.com/product/8801166090049.jpg,"12,500
원",1+1
좋은)무표백유기농대형14P,https://tqklhszfkvzk6518638.cdn.ntruss.com/product/8801166090056.jpg,"12,500
원",1+1
디어스킨)리얼모달중형16P,https://tqklhszfkvzk6518638.cdn.ntruss.com/product/8801260420322.jpg,"8,600
원",1+1
디어스킨)리얼모달대형14P,https://tqklhszfkvzk6518638.cdn.ntruss.com/product/8801260420339.jpg,"8,600
원",1+1
쏘피)무표백유기농대형16P,https://tqklhszfkvzk6518638.cdn.ntruss.com/product/8809709260133.jpg,"10,900
원",1+1
가그린)초미세모칫솔,https://tqklhszfkvzk6518638.cdn.ntruss.com/product/8806011516446.jpg,"2,500
원",1+1
슈가)친환경세탁세제1.7L,https://tqklhszfkvzk6518638.cdn.ntruss.com/product/8809107604317.jpg,"9,900
원",1+1
슈가)친환경섬유유연제1.7,https://tqklhszfkvzk6518638.cdn.ntruss.com/product/8809107604348.jpg,"9,900
원",1+1
바세린)립테라피S오리지널,https://tqklhszfkvzk6518638.cdn.ntruss.com/product/8801619047552.jpg,"5,000
원",1+1
CJ)숯불갈비맛후랑크120g,https://tqklhszfkvzk6518638.cdn.ntruss.com/product/8801007034980.jpg,"3,300
원",1+1
깨끗)촉앤감프리미엄24롤,https://tqklhszfkvzk6518638.cdn.ntruss.com/product/8801260114474.jpg,"33,900
원",1+1
해성)못난이사과1.2kg(봉),https://tqklhszfkvzk6518638.cdn.ntruss.com/product/8809826440395.jpg,"9,900
원",1+1
푸푸리)오리지널41ml,https://tqklhszfkvzk6518638.cdn.ntruss.com/product/0848858019498.jpg,"9,900
원",1+1
푸푸리)라벤더41ml,https://tqklhszfkvzk6518638.cdn.ntruss.com/product/0848858019511.jpg,"9,900
원",1+1
이금기)해물누룽지탕,https://tqklhszfkvzk6518638.cdn.ntruss.com/product/8801284278879.jpg,"4,900
원",1+1
오뚜기)컵밥오므라이스,https://tqklhszfkvzk6518638.cdn.ntruss.com/product/8801045701615.jpg,"4,800
원",1+1
빙그레)요플레토핑쿠키,https://tqklhszfkvzk6518638.cdn.ntruss.com/product/8801104308267.jpg,"2,000
원",1+1
삼양)리얼쯔란치킨200g,https://tqklhszfkvzk6518638.cdn.ntruss.com/product/8801073010208.jpg,"5,900
원",1+1
NHC)발효홍삼진CK15g,https://tqklhszfkvzk6518638.cdn.ntruss.com/product/8809707040768.jpg,"3,000
원",1+1
동원)산양프로틴플레인,https://tqklhszfkvzk6518638.cdn.ntruss.com/product/8801155723651.jpg,"2,500
원",1+1
동원)산양프로틴베리믹스,https://tqklhszfkvzk6518638.cdn.ntruss.com/product/8801155723668.jpg,"2,500
원",1+1
풀무원)요거톡초코필로우,https://tqklhszfkvzk6518638.cdn.ntruss.com/product/8809274515317.jpg,"2,200
원",1+1
해피바스)바디워시180g,https://tqklhszfkvzk6518638.cdn.ntruss.com/product/8809803558129.jpg,"7,000
원",1+1
미래)나무야클린3겹24롤,https://tqklhszfkvzk6518638.cdn.ntruss.com/product/8809848530579.jpg,"24,000
원",1+1
깨끗)베리베리물티슈70매,https://tqklhszfkvzk6518638.cdn.ntruss.com/product/8801260610563.jpg,"3,500
원",1+1
동원)양반호박죽,https://tqklhszfkvzk6518638.cdn.ntruss.com/product/8801047161592.jpg,"4,500
원",1+1
광동)헛개파워병,https://tqklhszfkvzk6518638.cdn.ntruss.com/product/8806002010861.jpg,"5,000
원",1+1
46cm)초극세모칫솔,https://tqklhszfkvzk6518638.cdn.ntruss.com/product/8801051009033.jpg,"3,500
원",1+1
메디안)치석케어치약,https://tqklhszfkvzk6518638.cdn.ntruss.com/product/8806403146473.jpg,"4,500
원",1+1
메디안)센서티브칫솔,https://tqklhszfkvzk6518638.cdn.ntruss.com/product/8801042443631.jpg,"3,000
원",1+1
2080)칫솔,https://tqklhszfkvzk6518638.cdn.ntruss.com/product/8801046057216.jpg,"2,800
원",1+1
2080)치약,https://tqklhszfkvzk6518638.cdn.ntruss.com/product/8801046846087.jpg,"4,000
원",1+1
2080)센서티브미세모,https://tqklhszfkvzk6518638.cdn.ntruss.com/product/8801046860458.jpg,"3,200
원",1+1
페리오)토탈7치약,https://tqklhszfkvzk6518638.cdn.ntruss.com/product/8801051064223.jpg,"4,300
원",1+1
페리오)이지클리닉칫솔,https://tqklhszfkvzk6518638.cdn.ntruss.com/product/8801051010367.jpg,"2,200
원",1+1
미쟝센)데미지샴푸,https://tqklhszfkvzk6518638.cdn.ntruss.com/product/8806403068379.jpg,"15,000
원",1+1
미쟝센)데미지린스,https://tqklhszfkvzk6518638.cdn.ntruss.com/product/8806403068409.jpg,"15,000
원",1+1
오가니스트)샴푸200ml,https://tqklhszfkvzk6518638.cdn.ntruss.com/product/8801051154139.jpg,"7,000
원",1+1
오가니스트)린스200ml,https://tqklhszfkvzk6518638.cdn.ntruss.com/product/8801051158496.jpg,"7,000
원",1+1
46cm)쿨민트치약,https://tqklhszfkvzk6518638.cdn.ntruss.com/product/8801051057577.jpg,"3,900
원",1+1
크리오)뉴미세모칫솔,https://tqklhszfkvzk6518638.cdn.ntruss.com/product/8801441013879.jpg,"2,000
원",1+1
크리오)뉴일반모칫솔,https://tqklhszfkvzk6518638.cdn.ntruss.com/product/8801441013862.jpg,"1,800
원",1+1
오랄비)초미세모칫솔,http://cdn2.bgfretail.com/bgfbrand/files/product/D3BFF641B34E40BB92FBC7612F4C8D7B.jpg,"2,900
원",1+1
농심)츄파춥스게코젤리,https://tqklhszfkvzk6518638.cdn.ntruss.com/product/6925425474653.jpg,"1,800
원",1+1
삼양)치즈불닭볶음면컵,https://tqklhszfkvzk6518638.cdn.ntruss.com/product/8801073210967.jpg,"1,800
원",1+1
엘라)스프레이200ml,https://tqklhszfkvzk6518638.cdn.ntruss.com/product/8801051199970.jpg,"8,900
원",1+1
엘라)하드왁스80g,https://tqklhszfkvzk6518638.cdn.ntruss.com/product/8801051199987.jpg,"10,700
원",1+1
좋은)울날중18P,https://tqklhszfkvzk6518638.cdn.ntruss.com/product/8801166234023.jpg,"9,100
원",1+1
좋은)울날대16P,https://tqklhszfkvzk6518638.cdn.ntruss.com/product/8801166234214.jpg,"9,100
원",1+1
동원)양반쇠고기죽,https://tqklhszfkvzk6518638.cdn.ntruss.com/product/8801047161608.jpg,"4,500
원",1+1
오가니스트)넛츠바디워시,https://tqklhszfkvzk6518638.cdn.ntruss.com/product/8801051258844.jpg,"4,900
원",1+1
오뚜기)영양닭죽285g,https://tqklhszfkvzk6518638.cdn.ntruss.com/product/8801045303062.jpg,"4,500
원",1+1
오뚜기)새송이쇠고기죽,https://tqklhszfkvzk6518638.cdn.ntruss.com/product/8801045303017.jpg,"4,500
원",1+1
비트)액체겸용세제1.45L,http://cdn2.bgfretail.com/bgfbrand/files/product/C840E82CB3A241F3A2978FEE352B7868.jpg,"10,900
원",1+1
빙그레)요플레토핑초코,https://tqklhszfkvzk6518638.cdn.ntruss.com/product/8801104308281.jpg,"2,000
원",1+1
온더바디)레몬클렌징폼,https://tqklhszfkvzk6518638.cdn.ntruss.com/product/8801051121599.jpg,"4,900
원",1+1
진주햄)콘앤스윗치즈45g,https://tqklhszfkvzk6518638.cdn.ntruss.com/product/8801077327203.jpg,"1,800
원",1+1
샤프란)스타일러탈취제,https://tqklhszfkvzk6518638.cdn.ntruss.com/product/8801051262995.jpg,"4,200
원",1+1
리엔)크림염색제흑갈색,https://tqklhszfkvzk6518638.cdn.ntruss.com/product/8801051385410.jpg,"12,900
원",1+1
오뚜기)단호박죽285g,https://tqklhszfkvzk6518638.cdn.ntruss.com/product/8801045303048.jpg,"4,500
원",1+1
동원)친친오리지널봉70g,https://tqklhszfkvzk6518638.cdn.ntruss.com/product/8801047578857.jpg,"1,900
원",1+1
HK)컨디션환3g,https://tqklhszfkvzk6518638.cdn.ntruss.com/product/8809422041217.jpg,"2,900
원",1+1
HK)컨디션환3g3입,https://tqklhszfkvzk6518638.cdn.ntruss.com/product/8809422041293.jpg,"8,500
원",1+1
삼립)청양닭가슴핫바70g,https://tqklhszfkvzk6518638.cdn.ntruss.com/product/8801068108576.jpg,"2,500
원",1+1
빙그레)닥터캡슐플레인,https://tqklhszfkvzk6518638.cdn.ntruss.com/product/8801104302739.jpg,"2,100
원",1+1
빙그레)닥터캡슐사과,https://tqklhszfkvzk6518638.cdn.ntruss.com/product/8801104665421.jpg,"2,100
원",1+1
카카오)헤어타이N,https://tqklhszfkvzk6518638.cdn.ntruss.com/product/8801489702155.jpg,"5,000
원",1+1
순수한면)유기농순면중16P,https://tqklhszfkvzk6518638.cdn.ntruss.com/product/8801260418596.jpg,"8,900
원",1+1
순수한면)유기농순면대14P,https://tqklhszfkvzk6518638.cdn.ntruss.com/product/8801260418602.jpg,"8,900
원",1+1
죽염)잇몸전문칫솔,https://tqklhszfkvzk6518638.cdn.ntruss.com/product/8801051009910.jpg,"4,500
원",1+1
태웅)하루홍삼스틱,https://tqklhszfkvzk6518638.cdn.ntruss.com/product/8802774013598.jpg,"1,800
원",1+1
CJ)맥스봉오리지널50g,https://tqklhszfkvzk6518638.cdn.ntruss.com/product/8801007849126.jpg,"2,000
원",1+1
빙그레)스페셜티예가체프,https://tqklhszfkvzk6518638.cdn.ntruss.com/product/8801104667043.jpg,"2,700
원",1+1
빙그레)프로틴딸기바나나,https://tqklhszfkvzk6518638.cdn.ntruss.com/product/8801104666640.jpg,"3,200
원",1+1
다우니)실내건조세제1L,https://tqklhszfkvzk6518638.cdn.ntruss.com/product/4902430341158.jpg,"17,900
원",1+1
오뚜기)리얼바삭빅핫도그,https://tqklhszfkvzk6518638.cdn.ntruss.com/product/8801045750743.jpg,"2,800
원",1+1
오뚜기)모짜소떡핫도그,https://tqklhszfkvzk6518638.cdn.ntruss.com/product/8801045750750.jpg,"2,800
원",1+1
오뚜기)쇠고기국밥500g,https://tqklhszfkvzk6518638.cdn.ntruss.com/product/8801045290805.jpg,"7,800
원",1+1
오뚜기)한우미역국500g,https://tqklhszfkvzk6518638.cdn.ntruss.com/product/8801045290843.jpg,"7,800
원",1+1
한독)레디큐프로캔,https://tqklhszfkvzk6518638.cdn.ntruss.com/product/8806107614018.jpg,"6,000
원",1+1
간만세)간만세,https://tqklhszfkvzk6518638.cdn.ntruss.com/product/8809211743636.jpg,"2,900
원",1+1
2080)더블액션초극세모,https://tqklhszfkvzk6518638.cdn.ntruss.com/product/8801046356807.jpg,"2,000
원",1+1
동화)KF94흰색대형1P,https://tqklhszfkvzk6518638.cdn.ntruss.com/product/8809447730431.jpg,"2,000
원",1+1
깨끗)KF94흰색대형3P,https://tqklhszfkvzk6518638.cdn.ntruss.com/product/8801260900121.jpg,"5,900
원",1+1
다우니)블루섬유1L,https://tqklhszfkvzk6518638.cdn.ntruss.com/product/4902430311724.jpg,"12,600
원",1+1
페리오)토탈7칫솔,https://tqklhszfkvzk6518638.cdn.ntruss.com/product/8801051097597.jpg,"3,500
원",1+1
아우라)드라이시트25매,https://tqklhszfkvzk6518638.cdn.ntruss.com/product/8801051097214.jpg,"6,900
원",1+1
오뚜기)쇠고기육개장500g,https://tqklhszfkvzk6518638.cdn.ntruss.com/product/8801045600444.jpg,"7,800
원",1+1
CJ)비비고한우사골곰탕500,https://tqklhszfkvzk6518638.cdn.ntruss.com/product/8801007849805.jpg,"3,200
원",1+1
빙그레)끌레바닐라아몬바,https://tqklhszfkvzk6518638.cdn.ntruss.com/product/8801104670296.jpg,"4,800
원",1+1
빙그레)끌레제주녹차바,https://tqklhszfkvzk6518638.cdn.ntruss.com/product/8801104670319.jpg,"4,800
원",1+1
동원)복숭아제로아이스500,https://tqklhszfkvzk6518638.cdn.ntruss.com/product/8801047284482.jpg,"2,200
원",1+1
동원)보성레몬아이스티,https://tqklhszfkvzk6518638.cdn.ntruss.com/product/8801047284499.jpg,"2,200
원",1+1
오랄비)센서티브클린칫솔,https://tqklhszfkvzk6518638.cdn.ntruss.com/product/4987176025678.jpg,"1,800
원",1+1
엘라)맨인매트컬크림150ml,https://tqklhszfkvzk6518638.cdn.ntruss.com/product/8801051115888.jpg,"12,900
원",1+1
동원)친친콘치즈봉70g,https://tqklhszfkvzk6518638.cdn.ntruss.com/product/8801047578970.jpg,"1,900
원",1+1
오뚜기)맛있는흑미밥210g,https://tqklhszfkvzk6518638.cdn.ntruss.com/product/8801045890463.jpg,"2,700
원",1+1
오뚜기)맛있는오곡밥210g,https://tqklhszfkvzk6518638.cdn.ntruss.com/product/8801045890500.jpg,"2,700
원",1+1
좋은)입는오버중형2P,https://tqklhszfkvzk6518638.cdn.ntruss.com/product/8801166234962.jpg,"4,900
원",1+1
좋은)입는오버대형2P,https://tqklhszfkvzk6518638.cdn.ntruss.com/product/8801166238441.jpg,"4,900
원",1+1
쏘피)무표백롱라이너18P,https://tqklhszfkvzk6518638.cdn.ntruss.com/product/8809709261178.jpg,"4,900
원",1+1
종근당)헛개땡큐골드병,https://tqklhszfkvzk6518638.cdn.ntruss.com/product/8809125061857.jpg,"5,000
원",1+1
빙그레)끌레클린초코파인,https://tqklhszfkvzk6518638.cdn.ntruss.com/product/8801104671613.jpg,"12,900
원",1+1
피죤)애플섬유리필형,https://tqklhszfkvzk6518638.cdn.ntruss.com/product/8801101886959.jpg,"10,900
원",1+1
암앤해머)프레쉬2단미세모,https://tqklhszfkvzk6518638.cdn.ntruss.com/product/8806006502287.jpg,"3,500
원",1+1
메디안)트리플미세모,https://tqklhszfkvzk6518638.cdn.ntruss.com/product/8809539465500.jpg,"1,900
원",1+1
담터)호두율무파인트,https://tqklhszfkvzk6518638.cdn.ntruss.com/product/8803284611199.jpg,"8,900
원",1+1
삼양사)상쾌환스틱레드,https://tqklhszfkvzk6518638.cdn.ntruss.com/product/8801013776829.jpg,"3,900
원",1+1
라네이처)울트라슬림중3P,https://tqklhszfkvzk6518638.cdn.ntruss.com/product/8801166237215.jpg,"3,000
원",1+1
삼우)우유창고파르페,https://tqklhszfkvzk6518638.cdn.ntruss.com/product/8809194495287.jpg,"3,000
원",1+1
좋은)순면수퍼롱10P,https://tqklhszfkvzk6518638.cdn.ntruss.com/product/8801166234122.jpg,"9,600
원",1+1
화이트)수퍼흡수중형18P,https://tqklhszfkvzk6518638.cdn.ntruss.com/product/8801166238762.jpg,"9,700
원",1+1
화이트)수퍼흡수대형16P,https://tqklhszfkvzk6518638.cdn.ntruss.com/product/8801166238786.jpg,"9,700
원",1+1
풀무원)액티비아스무딸기,https://tqklhszfkvzk6518638.cdn.ntruss.com/product/8809274514945.jpg,"2,000
원",1+1
풀무원)액티비아스무키위,https://tqklhszfkvzk6518638.cdn.ntruss.com/product/8809274514969.jpg,"2,000
원",1+1
아우라)딥센트스윗만다린,https://tqklhszfkvzk6518638.cdn.ntruss.com/product/8801051189308.jpg,"12,900
원",1+1
헤드앤숄더)쿨멘솔샴푸550,https://tqklhszfkvzk6518638.cdn.ntruss.com/product/4902430243070.jpg,"14,900
원",1+1
좋은)내추럴코어슬날중14P,https://tqklhszfkvzk6518638.cdn.ntruss.com/product/8801166239110.jpg,"8,900
원",1+1
좋은)내추럴코어슬날대14P,https://tqklhszfkvzk6518638.cdn.ntruss.com/product/8801166239134.jpg,"10,300
원",1+1
좋은)내추럴코어롱오버8P,https://tqklhszfkvzk6518638.cdn.ntruss.com/product/8801166239172.jpg,"9,300
원",1+1
디어스킨)입는오버중대4P,https://tqklhszfkvzk6518638.cdn.ntruss.com/product/8801260419760.jpg,"10,900
원",1+1
HK)컨디션스틱그린애플18g,https://tqklhszfkvzk6518638.cdn.ntruss.com/product/8809422043815.jpg,"2,900
원",1+1
HK)컨디션스틱18g,https://tqklhszfkvzk6518638.cdn.ntruss.com/product/8809422043884.jpg,"2,900
원",1+1
CJ)구이한판그릴스모크60g,https://tqklhszfkvzk6518638.cdn.ntruss.com/product/8801007918310.jpg,"3,300
원",1+1
농심)후르트민트피치,https://tqklhszfkvzk6518638.cdn.ntruss.com/product/8801043062756.jpg,"2,000
원",1+1
농심)후르트민트그레이프,https://tqklhszfkvzk6518638.cdn.ntruss.com/product/8801043062725.jpg,"2,000
원",1+1
광동)비타500피지라임캔,https://tqklhszfkvzk6518638.cdn.ntruss.com/product/8806002021362.jpg,"1,600
원",1+1
빙그레)따옴바납작복숭아,https://tqklhszfkvzk6518638.cdn.ntruss.com/product/8801104673440.jpg,"1,800
원",1+1
빙그레)따옴바딸기,https://tqklhszfkvzk6518638.cdn.ntruss.com/product/8801104673464.jpg,"1,800
원",1+1
슈가)친환경주방세제레몬C,https://tqklhszfkvzk6518638.cdn.ntruss.com/product/8809107601002.jpg,"5,900
원",1+1
농심)금돼지김치찌개면,https://tqklhszfkvzk6518638.cdn.ntruss.com/product/8801043064361.jpg,"4,500
원",1+1
오뚜기)참기름김치볶음밥,https://tqklhszfkvzk6518638.cdn.ntruss.com/product/8801045875538.jpg,"4,800
원",1+1
사조)꼬꼬봉50g,https://tqklhszfkvzk6518638.cdn.ntruss.com/product/8801066061095.jpg,"1,800
원",1+1
남양)로스터리드링크아메,https://tqklhszfkvzk6518638.cdn.ntruss.com/product/8801069415475.jpg,"1,200
원",1+1
남양)로스터리드링크라떼,https://tqklhszfkvzk6518638.cdn.ntruss.com/product/8801069415482.jpg,"1,200
원",1+1
쏘피)안심숙면팬티L4P,https://tqklhszfkvzk6518638.cdn.ntruss.com/product/8809709260898.jpg,"9,600
원",1+1
피죤)액츠세탁세제1L,https://tqklhszfkvzk6518638.cdn.ntruss.com/product/8801101882869.jpg,"9,900
원",1+1
동원)포킷포킷소시지70g,https://tqklhszfkvzk6518638.cdn.ntruss.com/product/8801047579229.jpg,"2,500
원",1+1
피죤)섬유탈취아이스80mL,https://tqklhszfkvzk6518638.cdn.ntruss.com/product/8801101884009.jpg,"3,900
원",1+1
풀무원)요거톡초코그래놀,https://tqklhszfkvzk6518638.cdn.ntruss.com/product/8809274513887.jpg,"2,200
원",1+1
풀무원)요거톡스타볼,https://tqklhszfkvzk6518638.cdn.ntruss.com/product/8809274513948.jpg,"2,200
원",1+1
테크)실내건조세제1.4L,https://tqklhszfkvzk6518638.cdn.ntruss.com/product/8801051219333.jpg,"12,900
원",1+1
CJ)명가재래김4g*9입,https://tqklhszfkvzk6518638.cdn.ntruss.com/product/8801007898377.jpg,"7,000
원",1+1
CJ)명가파래김4g*9입,https://tqklhszfkvzk6518638.cdn.ntruss.com/product/8801007898414.jpg,"7,000
원",1+1
빙그레)끌레끼리치즈바,https://tqklhszfkvzk6518638.cdn.ntruss.com/product/8801104674188.jpg,"4,800
원",1+1
프레시)비요뜨초코볼홈,https://tqklhszfkvzk6518638.cdn.ntruss.com/product/8801115720263.jpg,"10,800
원",1+1
프레시)비요뜨블루홈,https://tqklhszfkvzk6518638.cdn.ntruss.com/product/8801115720270.jpg,"10,800
원",1+1
프레시)비요뜨딸기홈,https://tqklhszfkvzk6518638.cdn.ntruss.com/product/8801115720287.jpg,"10,800
원",1+1
빙그레)끌레딥초코바,https://tqklhszfkvzk6518638.cdn.ntruss.com/product/8801104674201.jpg,"4,800
원",1+1
빙그레)끌레설향딸기바,https://tqklhszfkvzk6518638.cdn.ntruss.com/product/8801104674300.jpg,"4,800
원",1+1
예지)몰랑이오가닛중형3P,https://tqklhszfkvzk6518638.cdn.ntruss.com/product/8809104290759.jpg,"2,400
원",1+1
자연퐁)POP주방세제1.3L,https://tqklhszfkvzk6518638.cdn.ntruss.com/product/8801051225310.jpg,"9,900
원",1+1
빙그레)끌레클린녹차파인,https://tqklhszfkvzk6518638.cdn.ntruss.com/product/8801104674140.jpg,"12,900
원",1+1
빙그레)끌레클린딸기파인,https://tqklhszfkvzk6518638.cdn.ntruss.com/product/8801104674164.jpg,"12,900
원",1+1
웅진)만한마라우육면,https://tqklhszfkvzk6518638.cdn.ntruss.com/product/4710088412089.jpg,"4,800
원",1+1
오뚜기)컵밥짜장밥,https://tqklhszfkvzk6518638.cdn.ntruss.com/product/8801045631110.jpg,"4,800
원",1+1
오뚜기)컵밥카레밥,https://tqklhszfkvzk6518638.cdn.ntruss.com/product/8801045725529.jpg,"4,800
원",1+1
코코)물고기모양마시멜로,https://tqklhszfkvzk6518638.cdn.ntruss.com/product/6971162150794.jpg,"1,500
원",1+1
좋은)무표백유기농중형16P,https://tqklhszfkvzk6518638.cdn.ntruss.com/product/8801166090049.jpg,"12,500
원",1+1
좋은)무표백유기농대형14P,https://tqklhszfkvzk6518638.cdn.ntruss.com/product/8801166090056.jpg,"12,500
원",1+1
디어스킨)리얼모달중형16P,https://tqklhszfkvzk6518638.cdn.ntruss.com/product/8801260420322.jpg,"8,600
원",1+1
디어스킨)리얼모달대형14P,https://tqklhszfkvzk6518638.cdn.ntruss.com/product/8801260420339.jpg,"8,600
원",1+1
쏘피)무표백유기농대형16P,https://tqklhszfkvzk6518638.cdn.ntruss.com/product/8809709260133.jpg,"10,900
원",1+1
가그린)초미세모칫솔,https://tqklhszfkvzk6518638.cdn.ntruss.com/product/8806011516446.jpg,"2,500
원",1+1
슈가)친환경세탁세제1.7L,https://tqklhszfkvzk6518638.cdn.ntruss.com/product/8809107604317.jpg,"9,900
원",1+1
슈가)친환경섬유유연제1.7,https://tqklhszfkvzk6518638.cdn.ntruss.com/product/8809107604348.jpg,"9,900
원",1+1
바세린)립테라피S오리지널,https://tqklhszfkvzk6518638.cdn.ntruss.com/product/8801619047552.jpg,"5,000
원",1+1
CJ)숯불갈비맛후랑크120g,https://tqklhszfkvzk6518638.cdn.ntruss.com/product/8801007034980.jpg,"3,300
원",1+1
깨끗)촉앤감프리미엄24롤,https://tqklhszfkvzk6518638.cdn.ntruss.com/product/8801260114474.jpg,"33,900
원",1+1
해성)못난이사과1.2kg(봉),https://tqklhszfkvzk6518638.cdn.ntruss.com/product/8809826440395.jpg,"9,900
원",1+1
푸푸리)오리지널41ml,https://tqklhszfkvzk6518638.cdn.ntruss.com/product/0848858019498.jpg,"9,900
원",1+1
푸푸리)라벤더41ml,https://tqklhszfkvzk6518638.cdn.ntruss.com/product/0848858019511.jpg,"9,900
원",1+1
이금기)해물누룽지탕,https://tqklhszfkvzk6518638.cdn.ntruss.com/product/8801284278879.jpg,"4,900
원",1+1
오뚜기)컵밥오므라이스,https://tqklhszfkvzk6518638.cdn.ntruss.com/product/8801045701615.jpg,"4,800
원",1+1
빙그레)요플레토핑쿠키,https://tqklhszfkvzk6518638.cdn.ntruss.com/product/8801104308267.jpg,"2,000
원",1+1
삼양)리얼쯔란치킨200g,https://tqklhszfkvzk6518638.cdn.ntruss.com/product/8801073010208.jpg,"5,900
원",1+1
NHC)발효홍삼진CK15g,https://tqklhszfkvzk6518638.cdn.ntruss.com/product/8809707040768.jpg,"3,000
원",1+1
동원)산양프로틴플레인,https://tqklhszfkvzk6518638.cdn.ntruss.com/product/8801155723651.jpg,"2,500
원",1+1
동원)산양프로틴베리믹스,https://tqklhszfkvzk6518638.cdn.ntruss.com/product/8801155723668.jpg,"2,500
원",1+1
풀무원)요거톡초코필로우,https://tqklhszfkvzk6518638.cdn.ntruss.com/product/8809274515317.jpg,"2,200
원",1+1
해피바스)바디워시180g,https://tqklhszfkvzk6518638.cdn.ntruss.com/product/8809803558129.jpg,"7,000
원",1+1
미래)나무야클린3겹24롤,https://tqklhszfkvzk6518638.cdn.ntruss.com/product/8809848530579.jpg,"24,000
원",1+1
깨끗)베리베리물티슈70매,https://tqklhszfkvzk6518638.cdn.ntruss.com/product/8801260610563.jpg,"3,500
원",1+1
